{
    "class_name" : "ViewTrajectory",
    "interval" : 29,
    "is_loop" : false,
    "trajectory" : 
    [
    {
        "boundingbox_max" : [ 88.812782287597656, 115.287353515625, 70.736869812011719 ],
        "boundingbox_min" : [ -47.800357818603516, -61.058074951171875, -69.014274597167969 ],
        "field_of_view" : 60.0,
        "front" : [ -0.73152376588069179, -0.37256310520499403, 0.57102514182104402 ],
        "lookat" : [ 20.50621223449707, 27.114639282226562, 0.861297607421875 ],
        "up" : [ 0.66337674665435697, -0.19545770496061388, 0.72230712136168973 ],
        "zoom" : 0.69999999999999996
    }
    ],
    "version_major" : 1,
    "version_minor" : 0
}