{
    "class_name" : "ViewTrajectory",
    "interval" : 29,
    "is_loop" : false,
    "trajectory" : 
    [
        {
            "boundingbox_max" : [ 88.812782287597656, 115.287353515625, 70.736869812011719 ],
            "boundingbox_min" : [ -47.800357818603516, -61.058074951171875, -69.014274597167969 ],
            "field_of_view" : 60.0,
            "front" : [ 0.033918276381242958, -0.87680819460206905, -0.47964251313450723 ],
            "lookat" : [ 20.50621223449707, 27.114639282226562, 0.861297607421875 ],
            "up" : [ 0.10963003519432463, -0.47375845086770496, 0.87380443213268477 ],
            "zoom" : 0.67999999999999994
        }
    ],
    "version_major" : 1,
    "version_minor" : 0
}